attribute_id,entity_type_id,attribute_code,attribute_model,backend_model,backend_type,backend_table,frontend_model,frontend_input,frontend_label,frontend_class,source_model,is_required,is_user_defined,default_value,is_unique,note,frontend_input_renderer,is_global,is_visible,is_searchable,is_filterable,is_comparable,is_visible_on_front,is_html_allowed_on_front,is_used_for_price_rules,is_filterable_in_search,used_in_product_listing,used_for_sort_by,is_configurable,apply_to,is_visible_in_advanced_search,position,is_wysiwyg_enabled,is_used_for_promo_rules,layered_navigation_canonical,store_name,frontend_display_type,range_slider_range,range_slider_step,range_slider_default,categories,_options,_attribute_sets
,4,name,,,varchar,,,text,Name,,,1,0,,0,,,0,1,1,0,0,0,0,0,0,1,1,1,,1,0,0,0,0,,,,,,,,Default>>>Vehicle Details;;;MIN>>>Vehicle Details;;;MOT>>>Vehicle Details;;;BMW>>>Vehicle Details
,4,description,,,text,,,textarea,Description,,,1,0,,0,,,0,1,1,0,0,0,1,0,0,1,0,1,,1,0,1,0,0,,,,,,,,Default>>>Vehicle Details;;;MIN>>>Vehicle Details;;;MOT>>>Vehicle Details;;;BMW>>>Vehicle Details
,4,short_description,,,text,,,textarea,Short Description,,,1,0,,0,,,0,1,1,0,0,0,1,0,0,1,0,1,,1,0,1,0,0,,,,,,,,Default>>>Vehicle Details;;;MIN>>>Vehicle Details;;;MOT>>>Vehicle Details;;;BMW>>>Vehicle Details
,4,sku,,catalog/product_attribute_backend_sku,static,,,text,SKU,,,1,0,,1,,,1,1,1,0,0,0,0,0,0,1,0,1,,1,0,0,0,0,,,,,,,,Default>>>Vehicle Details;;;MIN>>>Vehicle Details;;;MOT>>>Vehicle Details;;;BMW>>>Vehicle Details
,4,price,,catalog/product_attribute_backend_price,decimal,,,price,Price,,,1,0,,0,,,2,1,0,0,0,0,0,0,0,1,0,1,,0,0,0,1,0,,3,0-70000,1000,0-70000,,,Default>>>Prices;;;MIN>>>Prices;;;MOT>>>Prices;;;BMW>>>Prices
,4,special_price,,catalog/product_attribute_backend_price,decimal,,,price,Special Price,validate-special-price,,0,0,,0,,,2,1,0,0,0,0,0,0,0,1,0,1,"simple,configurable,virtual,bundle,downloadable,accessory,service",0,0,0,0,0,,,,,,,,Default>>>Prices;;;MIN>>>Prices;;;MOT>>>Prices;;;BMW>>>Prices
,4,special_from_date,,catalog/product_attribute_backend_startdate_specialprice,datetime,,,date,Special Price From Date,,,0,0,,0,,,2,1,0,0,0,0,0,0,0,1,0,1,"simple,configurable,virtual,bundle,downloadable,accessory,service",0,0,0,0,0,,,,,,,,Default>>>Prices;;;MIN>>>Prices;;;MOT>>>Prices;;;BMW>>>Prices
,4,special_to_date,,eav/entity_attribute_backend_datetime,datetime,,,date,Special Price To Date,,,0,0,,0,,,2,1,0,0,0,0,0,0,0,1,0,1,"simple,configurable,virtual,bundle,downloadable,accessory,service",0,0,0,0,0,,,,,,,,Default>>>Prices;;;MIN>>>Prices;;;MOT>>>Prices;;;BMW>>>Prices
,4,cost,,catalog/product_attribute_backend_price,decimal,,,price,Cost,,,0,1,,0,,,2,1,0,0,0,0,0,0,0,0,0,1,"virtual,downloadable,service",0,0,0,0,0,,,,,,,,Default>>>Prices;;;MIN>>>Prices;;;MOT>>>Prices;;;BMW>>>Prices
,4,weight,,,decimal,,,weight,Weight,,,1,0,,0,,,1,1,0,0,0,0,0,0,0,0,0,1,,0,0,0,0,0,,0,,,,,,Default>>>Weights and Dimensions;;;MIN>>>Weights and Dimensions;;;MOT>>>Weights and Dimensions;;;BMW>>>Weights and Dimensions
,4,manufacturer,,,int,,,select,Manufacturer,,eav/entity_attribute_source_table,0,1,,0,,,1,1,1,0,0,0,0,0,0,0,0,0,,1,0,0,1,0,,0,,,,,,Default>>>Vehicle Details;;;MIN>>>Vehicle Details;;;MOT>>>Vehicle Details;;;BMW>>>Vehicle Details
,4,meta_title,,,varchar,,,text,Meta Title,,,0,0,,0,,,0,1,0,0,0,0,0,0,0,0,0,1,,0,0,0,0,0,,,,,,,,Default>>>Meta Information;;;MIN>>>Meta Information;;;MOT>>>Meta Information;;;BMW>>>Meta Information
,4,meta_keyword,,,text,,,textarea,Meta Keywords,,,0,0,,0,,,0,1,0,0,0,0,0,0,0,0,0,1,,0,0,0,0,0,,,,,,,,Default>>>Meta Information;;;MIN>>>Meta Information;;;MOT>>>Meta Information;;;BMW>>>Meta Information
,4,meta_description,,,varchar,,,textarea,Meta Description,,,0,0,,0,Maximum 255 chars,,0,1,0,0,0,0,0,0,0,0,0,1,,0,0,0,0,0,,,,,,,,Default>>>Meta Information;;;MIN>>>Meta Information;;;MOT>>>Meta Information;;;BMW>>>Meta Information
,4,image,,,text,,catalog/product_attribute_frontend_image,media_image,Base Image,,,0,0,,0,,,0,1,0,0,0,0,0,0,0,0,0,1,,0,0,0,0,0,,,,,,,,Default>>>Images;;;MIN>>>Images;;;MOT>>>Images;;;BMW>>>Images
,4,small_image,,,text,,catalog/product_attribute_frontend_image,media_image,Small Image,,,0,0,,0,,,0,1,0,0,0,0,0,0,0,1,0,1,,0,0,0,0,0,,,,,,,,Default>>>Images;;;MIN>>>Images;;;MOT>>>Images;;;BMW>>>Images
,4,thumbnail,,,text,,catalog/product_attribute_frontend_image,media_image,Thumbnail,,,0,0,,0,,,0,1,0,0,0,0,0,0,0,1,0,1,,0,0,0,0,0,,,,,,,,Default>>>Images;;;MIN>>>Images;;;MOT>>>Images;;;BMW>>>Images
,4,media_gallery,,catalog/product_attribute_backend_media,varchar,,,gallery,Media Gallery,,,0,0,,0,,,1,1,0,0,0,0,0,0,0,0,0,1,,0,0,0,0,0,,,,,,,,Default>>>Images;;;MIN>>>Images;;;MOT>>>Images;;;BMW>>>Images
,4,old_id,,,int,,,text,,,,0,0,,0,,,1,0,0,0,0,0,0,0,0,0,0,1,,0,0,0,0,0,,,,,,,,Default>>>Vehicle Details;;;BMW>>>Vehicle Details;;;MOT>>>Vehicle Details;;;MIN>>>Vehicle Details
,4,group_price,,catalog/product_attribute_backend_groupprice,decimal,,,text,Group Price,,,0,0,,0,,,2,1,0,0,0,0,0,0,0,0,0,1,"simple,configurable,virtual,bundle,downloadable,accessory",0,0,0,0,0,,,,,,,,Default>>>Prices;;;MIN>>>Prices;;;MOT>>>Prices;;;BMW>>>Prices
,4,tier_price,,catalog/product_attribute_backend_tierprice,decimal,,,text,Tier Price,,,0,0,,0,,,2,1,0,0,0,0,0,0,0,0,0,1,"simple,configurable,virtual,bundle,downloadable,accessory,service",0,0,0,0,0,,,,,,,,Default>>>Prices;;;MIN>>>Prices;;;MOT>>>Prices;;;BMW>>>Prices
,4,color,,,int,,,select,Colour,,,1,1,,0,,,1,1,1,0,1,0,1,0,0,1,0,1,,1,0,0,1,0,,0,,,,"14,7,8",,Default>>>Vehicle Details;;;MIN>>>Vehicle Details;;;MOT>>>Vehicle Details;;;BMW>>>Vehicle Details
,4,news_from_date,,catalog/product_attribute_backend_startdate,datetime,,,date,Set Product as New from Date,,,0,0,,0,,,2,1,0,0,0,0,0,0,0,1,0,1,,0,0,0,0,0,,,,,,,,Default>>>Prices;;;MIN>>>Prices;;;MOT>>>Prices;;;BMW>>>Prices
,4,news_to_date,,eav/entity_attribute_backend_datetime,datetime,,,date,Set Product as New to Date,,,0,0,,0,,,2,1,0,0,0,0,0,0,0,1,0,1,,0,0,0,0,0,,,,,,,,Default>>>Prices;;;MIN>>>Prices;;;MOT>>>Prices;;;BMW>>>Prices
,4,gallery,,,varchar,,,gallery,Image Gallery,,,0,0,,0,,,1,1,0,0,0,0,0,0,0,0,0,1,,0,0,0,0,0,,,,,,,,Default>>>Images;;;MIN>>>Images;;;MOT>>>Images;;;BMW>>>Images
,4,status,,,int,,,select,Status,,catalog/product_status,1,0,,0,,,2,1,1,0,0,0,0,0,0,1,0,1,,0,0,0,0,0,,,,,,,,Default>>>Vehicle Details;;;MIN>>>Vehicle Details;;;MOT>>>Vehicle Details;;;BMW>>>Vehicle Details
,4,url_key,,catalog/product_attribute_backend_urlkey,varchar,,,text,URL Key,,,0,0,,0,,,0,1,0,0,0,0,0,0,0,1,0,1,,0,0,0,0,0,,,,,,,,Default>>>Vehicle Details;;;MIN>>>Vehicle Details;;;MOT>>>Vehicle Details;;;BMW>>>Vehicle Details
,4,url_path,,,varchar,,,text,,,,0,0,,0,,,0,0,0,0,0,0,0,0,0,0,0,1,,0,0,0,0,0,,,,,,,,Default>>>Vehicle Details;;;BMW>>>Vehicle Details;;;MOT>>>Vehicle Details;;;MIN>>>Vehicle Details
,4,minimal_price,,,decimal,,,price,Minimal Price,,,0,0,,0,,,0,0,0,0,0,0,0,0,0,0,0,1,"simple,configurable,virtual,bundle,downloadable,accessory,service",0,0,0,0,0,,,,,,,,Default>>>Prices;;;BMW>>>Prices;;;MOT>>>Prices;;;MIN>>>Prices
,4,is_recurring,,,int,,,select,Enable Recurring Profile,,eav/entity_attribute_source_boolean,0,0,,0,Products with recurring profile participate in catalog as nominal items.,,1,1,0,0,0,0,0,0,0,0,0,0,"simple,virtual",0,0,0,0,0,,,,,,,,Default>>>Recurring Profile;;;MIN>>>Recurring Profile;;;MOT>>>Recurring Profile;;;BMW>>>Recurring Profile
,4,recurring_profile,,catalog/product_attribute_backend_recurring,text,,,text,Recurring Payment Profile,,,0,0,,0,,,1,1,0,0,0,0,0,0,0,0,0,0,"simple,virtual",0,0,0,0,0,,,,,,,,Default>>>Recurring Profile;;;MIN>>>Recurring Profile;;;MOT>>>Recurring Profile;;;BMW>>>Recurring Profile
,4,visibility,,,int,,,select,Visibility,,catalog/product_visibility,1,0,4,0,,,0,1,0,0,0,0,0,0,0,0,0,1,,0,0,0,0,0,,,,,,,,Default>>>Vehicle Details;;;MIN>>>Vehicle Details;;;MOT>>>Vehicle Details;;;BMW>>>Vehicle Details
,4,custom_design,,,varchar,,,select,Custom Design,,core/design_source_design,0,0,,0,,,0,1,0,0,0,0,0,0,0,0,0,1,,0,0,0,0,0,,,,,,,,Default>>>Design;;;MIN>>>Design;;;MOT>>>Design;;;BMW>>>Design
,4,custom_design_from,,catalog/product_attribute_backend_startdate,datetime,,,date,Active From,,,0,0,,0,,,0,1,0,0,0,0,0,0,0,0,0,1,,0,0,0,0,0,,,,,,,,Default>>>Design;;;MIN>>>Design;;;MOT>>>Design;;;BMW>>>Design
,4,custom_design_to,,eav/entity_attribute_backend_datetime,datetime,,,date,Active To,,,0,0,,0,,,0,1,0,0,0,0,0,0,0,0,0,1,,0,0,0,0,0,,,,,,,,Default>>>Design;;;MIN>>>Design;;;MOT>>>Design;;;BMW>>>Design
,4,custom_layout_update,,catalog/attribute_backend_customlayoutupdate,text,,,textarea,Custom Layout Update,,,0,0,,0,,,0,1,0,0,0,0,0,0,0,0,0,1,,0,0,0,0,0,,,,,,,,Default>>>Design;;;MIN>>>Design;;;MOT>>>Design;;;BMW>>>Design
,4,page_layout,,,varchar,,,select,Page Layout,,catalog/product_attribute_source_layout,0,0,,0,,,0,1,0,0,0,0,0,0,0,0,0,1,,0,0,0,0,0,,,,,,,,Default>>>Design;;;MIN>>>Design;;;MOT>>>Design;;;BMW>>>Design
,4,category_ids,,,static,,,text,,,,0,0,,0,,,1,0,0,0,0,0,0,0,0,0,0,1,,0,0,0,0,0,,,,,,,,Default>>>Vehicle Details;;;BMW>>>Vehicle Details;;;MOT>>>Vehicle Details;;;MIN>>>Vehicle Details
,4,options_container,,,varchar,,,select,Display Product Options In,,catalog/entity_product_attribute_design_options_container,0,0,container1,0,,,0,1,0,0,0,0,0,0,0,0,0,1,,0,0,0,0,0,,,,,,,,Default>>>Vehicle Details;;;MIN>>>Vehicle Details;;;MOT>>>Vehicle Details;;;BMW>>>Vehicle Details
,4,required_options,,,static,,,text,,,,0,0,,0,,,1,0,0,0,0,0,0,0,0,1,0,1,,0,0,0,0,0,,,,,,,,Default>>>Vehicle Details;;;BMW>>>Vehicle Details;;;MOT>>>Vehicle Details;;;MIN>>>Vehicle Details
,4,has_options,,,static,,,text,,,,0,0,,0,,,1,0,0,0,0,0,0,0,0,0,0,1,,0,0,0,0,0,,,,,,,,Default>>>Vehicle Details;;;BMW>>>Vehicle Details;;;MOT>>>Vehicle Details;;;MIN>>>Vehicle Details
,4,image_label,,,varchar,,,text,Image Label,,,0,0,,0,,,0,0,0,0,0,0,0,0,0,1,0,0,,0,0,0,0,0,,,,,,,,Default>>>Vehicle Details;;;BMW>>>Vehicle Details;;;MOT>>>Vehicle Details;;;MIN>>>Vehicle Details
,4,small_image_label,,,varchar,,,text,Small Image Label,,,0,0,,0,,,0,0,0,0,0,0,0,0,0,1,0,0,,0,0,0,0,0,,,,,,,,Default>>>Vehicle Details;;;BMW>>>Vehicle Details;;;MOT>>>Vehicle Details;;;MIN>>>Vehicle Details
,4,thumbnail_label,,,varchar,,,text,Thumbnail Label,,,0,0,,0,,,0,0,0,0,0,0,0,0,0,1,0,0,,0,0,0,0,0,,,,,,,,Default>>>Vehicle Details;;;BMW>>>Vehicle Details;;;MOT>>>Vehicle Details;;;MIN>>>Vehicle Details
,4,created_at,,eav/entity_attribute_backend_time_created,static,,,text,,,,1,0,,0,,,1,0,0,0,0,0,0,0,0,0,0,1,,0,0,0,0,0,,,,,,,,Default>>>Vehicle Details;;;BMW>>>Vehicle Details;;;MOT>>>Vehicle Details;;;MIN>>>Vehicle Details
,4,updated_at,,eav/entity_attribute_backend_time_updated,static,,,text,,,,1,0,,0,,,1,0,0,0,0,0,0,0,0,0,0,1,,0,0,0,0,0,,,,,,,,Default>>>Vehicle Details;;;BMW>>>Vehicle Details;;;MOT>>>Vehicle Details;;;MIN>>>Vehicle Details
,4,country_of_manufacture,,,varchar,,,select,Country of Manufacture,,catalog/product_attribute_source_countryofmanufacture,0,0,,0,,,2,1,0,0,0,0,0,0,0,0,0,0,"simple,configurable,bundle,grouped",0,0,0,0,0,,,,,,,,Default>>>Vehicle Details;;;MIN>>>Vehicle Details;;;MOT>>>Vehicle Details;;;BMW>>>Vehicle Details
,4,msrp_enabled,,catalog/product_attribute_backend_msrp,varchar,,,select,Apply MAP,,catalog/product_attribute_source_msrp_type_enabled,0,0,2,0,,adminhtml/catalog_product_helper_form_msrp_enabled,2,1,0,0,0,0,0,0,0,1,0,1,"simple,bundle,configurable,virtual,downloadable,accessory",0,0,0,0,0,,,,,,,,Default>>>Prices;;;MIN>>>Prices;;;MOT>>>Prices;;;BMW>>>Prices
,4,msrp_display_actual_price_type,,catalog/product_attribute_backend_boolean,varchar,,,select,Display Actual Price,,catalog/product_attribute_source_msrp_type_price,0,0,4,0,,adminhtml/catalog_product_helper_form_msrp_price,2,1,0,0,0,0,0,0,0,1,0,1,"simple,bundle,configurable,virtual,downloadable,accessory",0,0,0,0,0,,,,,,,,Default>>>Prices;;;MIN>>>Prices;;;MOT>>>Prices;;;BMW>>>Prices
,4,msrp,,catalog/product_attribute_backend_price,decimal,,,price,Manufacturer's Suggested Retail Price,,,0,0,,0,,,2,1,0,0,0,0,0,0,0,1,0,1,"simple,bundle,configurable,virtual,downloadable,accessory",0,0,0,0,0,,,,,,,,Default>>>Prices;;;MIN>>>Prices;;;MOT>>>Prices;;;BMW>>>Prices
,4,tax_class_id,,,int,,,select,Tax Class,,tax/class_source_product,1,0,,0,,,2,1,1,0,0,0,0,0,0,1,0,1,"simple,configurable,virtual,downloadable,bundle,accessory",1,0,0,0,0,,,,,,,,Default>>>Prices;;;MIN>>>Prices;;;MOT>>>Prices;;;BMW>>>Prices
,4,gift_message_available,,catalog/product_attribute_backend_boolean,varchar,,,select,Allow Gift Message,,eav/entity_attribute_source_boolean,0,0,,0,,giftmessage/adminhtml_product_helper_form_config,1,1,0,0,0,0,0,0,0,0,0,0,,0,0,0,0,0,,,,,,,,Default>>>Prices;;;MIN>>>Prices;;;MOT>>>Prices;;;BMW>>>Prices
,4,price_type,,,int,,,,,,,1,0,,0,,,1,0,0,0,0,0,0,0,0,1,0,0,bundle,0,0,0,0,0,,,,,,,,Default>>>Vehicle Details;;;BMW>>>Vehicle Details;;;MOT>>>Vehicle Details;;;MIN>>>Vehicle Details
,4,sku_type,,,int,,,,,,,1,0,,0,,,1,0,0,0,0,0,0,0,0,0,0,0,bundle,0,0,0,0,0,,,,,,,,Default>>>Vehicle Details;;;BMW>>>Vehicle Details;;;MOT>>>Vehicle Details;;;MIN>>>Vehicle Details
,4,weight_type,,,int,,,,,,,1,0,,0,,,1,0,0,0,0,0,0,0,0,1,0,0,bundle,0,0,0,0,0,,,,,,,,Default>>>Vehicle Details;;;BMW>>>Vehicle Details;;;MOT>>>Vehicle Details;;;MIN>>>Vehicle Details
,4,price_view,,,int,,,select,Price View,,bundle/product_attribute_source_price_view,1,0,,0,,,1,1,0,0,0,0,0,0,0,1,0,0,bundle,0,0,0,0,0,,,,,,,,Default>>>Prices;;;MIN>>>Prices;;;MOT>>>Prices;;;BMW>>>Prices
,4,shipment_type,,,int,,,,Shipment,,,1,0,,0,,,1,0,0,0,0,0,0,0,0,1,0,0,bundle,0,0,0,0,0,,,,,,,,Default>>>Vehicle Details;;;BMW>>>Vehicle Details;;;MOT>>>Vehicle Details;;;MIN>>>Vehicle Details
,4,links_purchased_separately,,,int,,,,Links can be purchased separately,,,1,0,,0,,,1,0,0,0,0,0,0,0,0,1,0,0,downloadable,0,0,0,0,0,,,,,,,,Default>>>Vehicle Details;;;BMW>>>Vehicle Details;;;MOT>>>Vehicle Details;;;MIN>>>Vehicle Details
,4,samples_title,,,varchar,,,,Samples title,,,1,0,,0,,,0,0,0,0,0,0,0,0,0,0,0,0,downloadable,0,0,0,0,0,,,,,,,,Default>>>Vehicle Details;;;BMW>>>Vehicle Details;;;MOT>>>Vehicle Details;;;MIN>>>Vehicle Details
,4,links_title,,,varchar,,,,Links title,,,1,0,,0,,,0,0,0,0,0,0,0,0,0,0,0,0,downloadable,0,0,0,0,0,,,,,,,,Default>>>Vehicle Details;;;BMW>>>Vehicle Details;;;MOT>>>Vehicle Details;;;MIN>>>Vehicle Details
,4,links_exist,,,int,,,,,,,0,0,0,0,,,1,0,0,0,0,0,0,0,0,1,0,0,downloadable,0,0,0,0,0,,,,,,,,Default>>>Vehicle Details;;;BMW>>>Vehicle Details;;;MOT>>>Vehicle Details;;;MIN>>>Vehicle Details
,4,cap_code,,,varchar,,,text,Asset ID,,,0,1,,0,,,1,1,0,0,0,0,1,0,0,1,0,0,,0,0,0,1,0,,0,,,,,,Default>>>Vehicle Details;;;MIN>>>Vehicle Details;;;MOT>>>Vehicle Details;;;BMW>>>Vehicle Details
,4,doors,,,varchar,,,select,Doors,,,0,0,,0,,,1,1,1,0,0,1,1,0,1,1,1,1,,1,0,0,0,0,,,,,,,,Default>>>Vehicle Details;;;MIN>>>Vehicle Details;;;MOT>>>Vehicle Details;;;BMW>>>Vehicle Details
,4,transmission,,,int,,,select,Transmission,,,0,1,,0,,,1,1,1,2,0,1,1,0,1,1,1,1,,1,100,0,0,0,bmw,0,,,,"7,8,9,11",,Default>>>Vehicle Details;;;MIN>>>Vehicle Details;;;MOT>>>Vehicle Details;;;BMW>>>Vehicle Details
,4,fuel_type,,,int,,,select,Fuel Type,,eav/entity_attribute_source_table,0,1,,0,,,1,1,1,2,1,0,1,0,1,0,0,1,,1,99,0,1,0,"bmw,demo,mini,motorrad",0,,,,"7,8",,Default>>>Vehicle Details;;;MIN>>>Vehicle Details;;;MOT>>>Vehicle Details;;;BMW>>>Vehicle Details
,4,seats,,,varchar,,,select,Seats,,,0,0,,0,,,1,1,1,0,0,1,1,0,1,1,1,1,,1,0,0,0,0,,,,,,,,Default>>>Vehicle Details;;;MIN>>>Vehicle Details;;;MOT>>>Vehicle Details;;;BMW>>>Vehicle Details
,4,max_towing_weight_unbraked,,,varchar,,,text,Max. Towing Weight - Unbraked,,,0,1,,0,,,1,1,0,0,1,0,1,0,0,0,0,0,,0,29,0,0,0,,,,,,,,Default>>>Weights and Dimensions;;;MIN>>>Weights and Dimensions;;;MOT>>>Weights and Dimensions;;;BMW>>>Weights and Dimensions
,4,emission,,,varchar,,,text,CO2 emissions (g/km),,,0,1,,0,,,1,1,1,0,1,0,1,0,0,1,0,0,,1,1,0,0,0,,0,,,,,,Default>>>Emissions;;;MIN>>>Emissions;;;MOT>>>Emissions;;;BMW>>>Emissions
,4,fuel_tank_capacity_in_litres,,,varchar,,,text,Fuel Tank Capacity (Litres),,,0,1,,0,,,1,1,0,0,1,0,1,0,0,0,0,0,,0,26,0,0,0,,,,,,,,Default>>>Weights and Dimensions;;;MIN>>>Weights and Dimensions;;;MOT>>>Weights and Dimensions;;;BMW>>>Weights and Dimensions
,4,ec_extra_urban_mpg,,,varchar,,,text,Out of Town (l/100km),,,0,1,,0,,,1,1,1,0,1,0,1,0,0,0,0,0,,1,3,0,0,0,,0,,,,,,Default>>>Emissions;;;MIN>>>Emissions;;;MOT>>>Emissions;;;BMW>>>Emissions
,4,ec_combined_mpg,,,varchar,,,text,Combined (l/100km),,,0,1,,0,,,1,1,1,0,1,0,1,0,0,1,0,0,,1,2,0,0,0,,0,,,,,,Default>>>Emissions;;;MIN>>>Emissions;;;MOT>>>Emissions;;;BMW>>>Emissions
,4,max_towing_weight_braked,,,varchar,,,text,Max. Towing Weight - Braked,,,0,1,,0,,,1,1,1,0,1,0,1,0,0,0,0,0,,1,28,0,0,0,,,,,,,,Default>>>Weights and Dimensions;;;MIN>>>Weights and Dimensions;;;MOT>>>Weights and Dimensions;;;BMW>>>Weights and Dimensions
,4,wheelbase,,,varchar,,,text,Wheelbase,,,0,1,,0,,,1,1,1,0,1,0,1,0,0,0,0,0,,1,23,0,0,0,,,,,,,,Default>>>Weights and Dimensions;;;MIN>>>Weights and Dimensions;;;MOT>>>Weights and Dimensions;;;BMW>>>Weights and Dimensions
,4,top_speed,,,varchar,,,text,Top Speed,validate-digits,,0,1,,0,,,1,1,1,0,1,0,1,0,0,0,0,0,,1,7,0,0,0,,,,,,,,Default>>>Engine and Performance;;;MIN>>>Engine and Performance;;;MOT>>>Engine and Performance;;;BMW>>>Engine and Performance
,4,ec_urban_mpg,,,varchar,,,text,In Town (l/100km),,,0,1,,0,,,1,1,1,0,1,0,1,0,0,0,0,0,,1,4,0,0,0,,0,,,,,,Default>>>Emissions;;;MIN>>>Emissions;;;MOT>>>Emissions;;;BMW>>>Emissions
,4,height,,,varchar,,,text,Height,,,0,1,,0,,,1,1,1,0,1,0,1,0,0,0,0,0,,1,21,0,0,0,,,,,,,,Default>>>Weights and Dimensions;;;MIN>>>Weights and Dimensions;;;MOT>>>Weights and Dimensions;;;BMW>>>Weights and Dimensions
,4,length,,,varchar,,,text,Length,,,0,1,,0,,,1,1,1,0,1,0,1,0,0,0,0,0,,1,22,0,0,0,,,,,,,,Default>>>Weights and Dimensions;;;MIN>>>Weights and Dimensions;;;MOT>>>Weights and Dimensions;;;BMW>>>Weights and Dimensions
,4,width,,,varchar,,,text,Width,,,0,1,,0,,,1,1,1,0,1,0,1,0,0,0,0,0,,1,24,0,0,0,,,,,,,,Default>>>Weights and Dimensions;;;MIN>>>Weights and Dimensions;;;MOT>>>Weights and Dimensions;;;BMW>>>Weights and Dimensions
,4,wheel_type,,,varchar,,,select,Wheel Type,,,0,0,,0,,,1,1,1,0,0,1,1,0,1,1,1,1,,1,0,0,0,0,,0,,,,,,Default>>>Vehicle Details;;;MIN>>>Weights and Dimensions;;;MOT>>>Weights and Dimensions;;;BMW>>>Weights and Dimensions
,4,partial_payment,,,int,,,boolean,Allow Partial Payment,,eav/entity_attribute_source_boolean,1,1,0,0,,,1,1,0,0,0,0,0,1,0,0,0,0,,0,0,0,1,0,,,,,,,,Default>>>Weights and Dimensions;;;MIN>>>Weights and Dimensions;;;MOT>>>Weights and Dimensions;;;BMW>>>Weights and Dimensions
,4,remove_compare_link,,,int,,,boolean,Remove Compare Link,,eav/entity_attribute_source_boolean,1,1,0,0,,,1,1,0,0,0,0,0,0,0,0,0,0,,0,0,0,0,0,,,,,,,,Default>>>Vehicle Details;;;MIN>>>Vehicle Details;;;MOT>>>Vehicle Details;;;BMW>>>Vehicle Details
,4,luggage_capacity,,,varchar,,,text,Luggage Capacity,,,0,1,,0,,,0,1,0,0,1,0,1,0,0,1,0,0,,0,2,0,0,0,,,,,,,,Default>>>Weights and Dimensions;;;MIN>>>Weights and Dimensions;;;MOT>>>Weights and Dimensions;;;BMW>>>Weights and Dimensions
,4,included_options,,,varchar,,,text,Included Options,,,0,1,,0,,,0,1,0,0,0,0,1,0,0,0,0,0,,0,0,0,0,0,,,,,,,,Default>>>Vehicle Details;;;MIN>>>Vehicle Details;;;MOT>>>Vehicle Details;;;BMW>>>Vehicle Details
,4,derivative,,,varchar,,,text,Derivative,,,0,1,,0,,,1,1,0,0,0,0,0,0,0,0,0,0,,0,0,0,0,0,,,,,,,,Default>>>Vehicle Details;;;MIN>>>Vehicle Details;;;MOT>>>Vehicle Details;;;BMW>>>Vehicle Details
,4,availability,,,int,,,text,Availability,,,0,1,0,0,,,1,1,0,0,0,0,0,0,0,0,1,0,,0,0,0,0,0,,,,,,,,Default>>>Stock Details;;;MIN>>>Stock Details;;;MOT>>>Stock Details;;;BMW>>>Stock Details
,4,popularity,,,int,,,text,Popularity,,,0,1,0,0,,,1,1,0,0,0,0,0,0,0,0,1,0,,0,0,0,0,0,,,,,,,,Default>>>Vehicle Details;;;MIN>>>Vehicle Details;;;MOT>>>Vehicle Details;;;BMW>>>Vehicle Details
,4,promotional_text,,,varchar,,,text,Promotional text,,,0,1,,0,,,1,1,0,0,0,0,0,0,0,0,0,1,,0,0,0,0,0,,,,,,,,Default>>>Prices;;;MIN>>>Prices;;;MOT>>>Prices;;;BMW>>>Prices
,4,road_fund_licence,,eav/entity_attribute_backend_array,int,,,select,Road Fund Licence,,,0,1,,0,,,1,1,0,0,1,0,0,0,0,1,0,0,,0,4,0,0,0,,,,,,,,
,4,road_fund_licence_cost,,,varchar,,,text,Road Fund Licence Costs,,,0,1,0,0,,,1,1,1,0,1,0,0,0,0,1,0,0,,0,0,0,0,0,,,,,,,,
,4,bodystyle,,,int,,,select,Bodystyle,,eav/entity_attribute_source_table,1,1,,0,,,1,1,1,2,1,0,1,0,1,1,0,1,,1,40,0,1,0,,0,,,,"7,14",,Default>>>Vehicle Details;;;MIN>>>Vehicle Details;;;MOT>>>Vehicle Details;;;BMW>>>Vehicle Details
,4,short_promotional_text,,,varchar,,,text,Short Promotional Text,,,0,1,0,0,,,1,1,0,0,0,0,0,0,0,0,0,1,,0,0,0,0,0,,,,,,,,Default>>>Prices;;;MIN>>>Prices;;;MOT>>>Prices;;;BMW>>>Prices
,4,rrp,,,decimal,,,price,RRP price,,,0,1,0,0,,,1,1,0,0,0,0,0,0,0,1,0,1,,0,4,0,0,0,,,,,,,,Default>>>Prices;;;MIN>>>Prices;;;MOT>>>Prices;;;BMW>>>Prices
,4,car_options,,eav/entity_attribute_backend_array,text,,,multiselect,Car Options,,,0,1,,0,,,1,1,1,0,0,0,0,0,0,0,0,0,,0,0,0,0,0,,,,,,,,Default>>>Vehicle Details;;;MIN>>>Vehicle Details;;;MOT>>>Vehicle Details;;;BMW>>>Vehicle Details
,4,title,,,varchar,,,text,Product Title,,,1,1,,0,,,1,1,0,0,0,0,1,0,0,1,0,0,,0,63,0,0,0,,,,,,,,Default>>>Vehicle Details;;;MIN>>>Vehicle Details;;;MOT>>>Vehicle Details;;;BMW>>>Vehicle Details
,4,subtitle,,,varchar,,,text,Product Subtitle,,,1,1,,0,,,1,1,0,0,0,0,1,0,0,1,0,0,,0,64,0,0,0,,,,,,,,Default>>>Vehicle Details;;;MIN>>>Vehicle Details;;;MOT>>>Vehicle Details;;;BMW>>>Vehicle Details
,4,short_title,,,varchar,,,text,Short Product Title,,,0,1,,0,,,1,1,0,0,0,0,1,0,0,1,0,0,,0,65,0,0,0,,,,,,,,Default>>>Vehicle Details;;;MIN>>>Vehicle Details;;;MOT>>>Vehicle Details;;;BMW>>>Vehicle Details
,4,short_subtitle,,,varchar,,,text,Short Product Subtitle,,,0,1,,0,,,1,1,0,0,0,0,1,0,0,1,0,0,,0,66,0,0,0,,,,,,,,Default>>>Vehicle Details;;;MIN>>>Vehicle Details;;;MOT>>>Vehicle Details;;;BMW>>>Vehicle Details
,4,standard_features,,,text,,,textarea,Standard Features,,,0,1,,0,,,1,1,0,0,0,0,0,0,0,0,0,0,,0,0,0,0,0,,,,,,,,Default>>>Standard Features;;;MIN>>>Standard Features;;;MOT>>>Standard Features;;;BMW>>>Standard Features
,4,price_gross,,,decimal,,,price,Manufacturers Price Gross,,,0,1,0,0,,,1,1,0,0,0,0,0,0,0,0,0,1,,0,4,0,0,0,,,,,,,,Default>>>Prices;;;MIN>>>Prices;;;MOT>>>Prices;;;BMW>>>Prices
,4,price_net,,,decimal,,,price,Manufacturers Price Net,,,0,1,0,0,,,1,1,0,0,0,0,0,0,0,0,0,1,,0,4,0,0,0,,,,,,,,Default>>>Prices;;;MIN>>>Prices;;;MOT>>>Prices;;;BMW>>>Prices
,4,canonical_url,,,text,,,select,Canonical URL,,,0,0,,0,,,0,1,0,0,0,0,0,0,0,0,0,1,,0,0,0,0,0,,,,,,,,Default>>>Meta Information;;;MIN>>>Meta Information;;;MOT>>>Meta Information;;;BMW>>>Meta Information
,4,canonical_cross_domain,,,int,,,select,Cross Domain Canonical URL,,,0,0,0,0,,,0,1,0,0,0,0,0,0,0,0,0,1,,0,0,0,0,0,,,,,,,,Default>>>Meta Information;;;MIN>>>Meta Information;;;MOT>>>Meta Information;;;BMW>>>Meta Information
,4,meta_robots,,,text,,,select,Meta Robots,,,0,0,,0,,,0,1,0,0,0,0,0,0,0,0,0,1,,0,0,0,0,0,,,,,,,,Default>>>Meta Information;;;MIN>>>Meta Information;;;MOT>>>Meta Information;;;BMW>>>Meta Information
,4,exclude_from_crosslinking,,,int,,,select,Exclude from Cross Linking,,eav/entity_attribute_source_boolean,0,0,0,0,,,0,1,0,0,0,0,0,0,0,0,0,1,,0,0,0,0,0,,,,,,,,Default>>>Meta Information;;;MIN>>>Meta Information;;;MOT>>>Meta Information;;;BMW>>>Meta Information
,4,product_seo_name,,,text,,,text,Product SEO Name,,,0,0,,0,,,0,1,0,0,0,0,0,0,0,0,0,1,,0,0,0,0,0,,,,,,,,Default>>>Meta Information;;;MIN>>>Meta Information;;;MOT>>>Meta Information;;;BMW>>>Meta Information
,4,exclude_from_sitemap,,,int,,,select,Exclude from XML Sitemap,,eav/entity_attribute_source_boolean,0,0,0,0,,,0,1,0,0,0,0,0,0,0,0,0,1,,0,0,0,0,0,,,,,,,,Default>>>Meta Information;;;MIN>>>Meta Information;;;MOT>>>Meta Information;;;BMW>>>Meta Information
,4,exclude_from_html_sitemap,,,int,,,select,Exclude from HTML Sitemap,,eav/entity_attribute_source_boolean,0,0,0,0,,,0,1,0,0,0,0,0,0,0,0,0,1,,0,0,0,0,0,,,,,,,,Default>>>Meta Information;;;MIN>>>Meta Information;;;MOT>>>Meta Information;;;BMW>>>Meta Information
,4,color_type,,,varchar,,,text,Color Type,,,0,0,,0,,,1,1,0,0,0,0,0,0,0,1,0,1,"simple,configurable",0,0,0,0,0,,,,,,,,Default>>>Vehicle Details;;;MIN>>>Vehicle Details;;;MOT>>>Vehicle Details;;;BMW>>>Vehicle Details
,4,options_price,,,decimal,,,text,Options Price,,,0,0,,0,,,1,1,0,0,0,0,0,0,0,1,0,1,"simple,configurable",0,0,0,0,0,,,,,,,,Default>>>Prices;;;MIN>>>Prices;;;MOT>>>Prices;;;BMW>>>Prices
,4,default_lead_time,,,varchar,,,text,Default Lead Time (Weeks),validate-digits,,0,1,,0,,,1,1,0,0,0,0,0,0,0,0,0,0,"simple,configurable",0,0,0,0,0,,0,,,,,,MIN>>>Vehicle Details;;;MOT>>>Vehicle Details;;;BMW>>>Vehicle Details
,4,disable_build_your_own,,,int,,,boolean,Disable 'Build Your Own' block,,eav/entity_attribute_source_boolean,0,1,,0,,,1,1,0,0,0,0,0,0,0,0,0,0,,0,0,0,0,0,,,,,,,,MIN>>>Vehicle Details;;;MOT>>>Vehicle Details;;;BMW>>>Vehicle Details
,4,default_interior,,,text,,catalog/product_attribute_frontend_image,media_image,Interior Image,,,0,0,,0,,,0,1,0,0,0,0,0,0,0,0,0,1,,0,0,0,0,0,,,,,,,,Default>>>Images;;;MIN>>>Images;;;MOT>>>Images;;;BMW>>>Images
,4,default_exterior,,,text,,catalog/product_attribute_frontend_image,media_image,Exterior Image,,,0,0,,0,,,0,1,0,0,0,0,0,0,0,0,0,1,,0,0,0,0,0,,,,,,,,Default>>>Images;;;MIN>>>Images;;;MOT>>>Images;;;BMW>>>Images
,4,visible_in,,,int,,,select,Visible In,,rockar_youdrive/product_attribute_source_visiblein,0,0,,0,,,1,1,0,2,0,0,0,0,0,1,0,1,,0,0,0,0,0,,,,,,,,Default>>>Vehicle Details;;;MIN>>>Vehicle Details;;;MOT>>>Vehicle Details;;;BMW>>>Vehicle Details
,4,color_price,,,decimal,,,text,Color Price,,,0,1,,0,,,1,1,0,0,0,0,0,0,0,1,0,1,,0,0,0,0,0,,,,,,,,Default>>>Prices;;;MIN>>>Prices;;;MOT>>>Prices;;;BMW>>>Prices
,4,is_locked,,,int,,,boolean,Is Locked,,eav/entity_attribute_source_boolean,0,1,0,0,,,1,1,0,0,0,0,0,0,0,0,0,0,,0,0,0,0,0,,,,,,,,MOT>>>Vehicle Details
,4,end_of_line,,,int,,,boolean,End of Line,,eav/entity_attribute_source_boolean,0,1,0,0,,,1,1,0,0,0,0,0,0,0,0,0,0,simple,0,0,0,1,0,,,,,,,,MIN>>>Vehicle Details;;;MOT>>>Vehicle Details;;;BMW>>>Vehicle Details
,4,vehicle_condition,,eav/entity_attribute_backend_array,int,,,select,Vehicle Condition,,eav/entity_attribute_source_table,0,1,,0,,,1,1,1,2,1,0,0,0,1,0,0,0,,1,10,0,1,0,,0,,,,,,Default>>>Stock Details;;;MIN>>>Vehicle Details;;;MOT>>>Vehicle Details;;;BMW>>>Vehicle Details
,4,cheapest_product_lead_time,,,varchar,,,text,Cheapest Product Lead Time (Weeks),,,0,1,,0,,,1,1,0,0,0,0,0,0,0,1,0,0,"simple,configurable",0,0,0,0,0,,0,,,,,,Default>>>Stock Details;;;MIN>>>Stock Details;;;MOT>>>Stock Details;;;BMW>>>Stock Details
,4,registration_year,,,text,,,text,Registration Year,,,0,1,0,0,,,1,1,0,0,1,0,0,0,0,1,0,1,simple,0,0,0,0,0,,,,,,,,Default>>>Stock Details;;;MIN>>>Stock Details;;;MOT>>>Stock Details;;;BMW>>>Stock Details
,4,registration_number,,,text,,,text,Registration Number,,,0,1,0,0,,,1,1,0,0,0,0,0,0,0,1,0,1,simple,0,0,0,0,0,,,,,,,,Default>>>Stock Details;;;MIN>>>Stock Details;;;MOT>>>Stock Details;;;BMW>>>Stock Details
,4,registration_letter,,,text,,,text,Registration Letter,,,0,1,0,0,,,1,1,0,0,0,0,0,0,0,1,0,1,simple,0,0,0,0,0,,,,,,,,Default>>>Stock Details;;;MIN>>>Stock Details;;;MOT>>>Stock Details;;;BMW>>>Stock Details
,4,au_model_year,,catalog/product_attribute_backend_price,decimal,,,price,Model Year,,,0,1,0,0,,,1,1,0,0,0,0,0,0,0,0,0,1,simple,0,0,0,0,0,,3,2013-2019,1,2013-2019,,,Default>>>Stock Details;;;MIN>>>Stock Details;;;MOT>>>Stock Details;;;BMW>>>Stock Details
,4,registration_date,,,datetime,,,date,Registration Date,,,0,1,0,0,,,1,1,0,0,0,0,0,0,0,1,0,1,simple,0,0,0,0,0,,,,,,,,Default>>>Stock Details;;;MIN>>>Stock Details;;;MOT>>>Stock Details;;;BMW>>>Stock Details
,4,tax_type,,,int,,,select,Tax Type,,rockar_approvedused/category_attribute_source_taxType,0,1,0,0,,,2,1,0,0,0,0,0,0,0,1,0,1,,0,0,0,0,0,,0,,,,,,Default>>>Vehicle Details;;;MIN>>>Vehicle Details;;;MOT>>>Vehicle Details;;;BMW>>>Vehicle Details
,4,au_previous_owner,,,int,,,text,Owner History,,,0,1,0,0,,,1,1,0,0,0,0,0,0,0,1,0,1,simple,0,0,0,0,0,,,,,,,,Default>>>Stock Details;;;MIN>>>Stock Details;;;MOT>>>Stock Details;;;BMW>>>Stock Details
,4,au_usage_history,,eav/entity_attribute_backend_array,text,,,multiselect,Usage History,,eav/entity_attribute_source_table,0,1,,0,,,1,1,0,0,0,0,0,0,0,1,0,0,simple,0,0,0,0,0,,,,,,,,Default>>>Stock Details;;;MIN>>>Stock Details;;;MOT>>>Stock Details;;;BMW>>>Stock Details
,4,axle_load,,,varchar,,,text,Axel Load,,,0,1,,0,,,1,1,0,0,0,0,1,0,0,0,0,0,,0,0,0,0,0,,0,,,,,,Default>>>Weights and Dimensions;;;MIN>>>Weights and Dimensions;;;MOT>>>Weights and Dimensions;;;BMW>>>Weights and Dimensions
,4,axle_load_ratio,,,varchar,,,text,Axel Load Ratio,,,0,1,,0,,,1,1,0,0,0,0,1,0,0,0,0,0,,0,0,0,0,0,,0,,,,,,Default>>>Weights and Dimensions;;;MIN>>>Weights and Dimensions;;;MOT>>>Weights and Dimensions;;;BMW>>>Weights and Dimensions
,4,bag_cosy_url,,,varchar,,,text,Cosy Image Url,,,0,1,,0,,,1,1,0,0,0,0,1,0,0,0,0,0,,0,0,0,0,0,,0,,,,,,Default>>>Vehicle Details;;;MIN>>>Vehicle Details;;;MOT>>>Vehicle Details;;;BMW>>>Vehicle Details
,4,bag_digital_showroom_status,,,int,,,boolean,Enabled Status,,eav/entity_attribute_source_boolean,0,1,0,0,,,1,1,0,0,0,0,1,0,0,0,0,0,,0,0,0,0,0,,0,,,,,,Default>>>Vehicle Details;;;MIN>>>Vehicle Details;;;MOT>>>Vehicle Details;;;BMW>>>Vehicle Details
,4,bag_mm_code,,,varchar,,,text,MM Code,,,0,1,,0,,,1,1,0,0,0,0,1,0,0,0,0,0,,0,0,0,1,0,,0,,,,,,Default>>>Vehicle Details;;;MIN>>>Vehicle Details;;;MOT>>>Vehicle Details;;;BMW>>>Vehicle Details
,4,bag_production_date,,eav/entity_attribute_backend_datetime,datetime,,eav/entity_attribute_frontend_datetime,date,Production Date,,,0,1,,0,,,1,1,0,0,0,0,1,0,0,0,0,0,,0,0,0,1,0,,0,,,,,,Default>>>Stock Details;;;MIN>>>Stock Details;;;MOT>>>Stock Details;;;BMW>>>Stock Details
,4,bag_runin_date,,eav/entity_attribute_backend_datetime,datetime,,eav/entity_attribute_frontend_datetime,date,Run In Date,,,0,1,,0,,,1,1,0,0,0,0,1,0,0,0,0,0,,0,0,0,0,0,,0,,,,,,Default>>>Vehicle Details;;;MIN>>>Vehicle Details;;;MOT>>>Vehicle Details;;;BMW>>>Vehicle Details
,4,bag_runout_date,,eav/entity_attribute_backend_datetime,datetime,,eav/entity_attribute_frontend_datetime,date,Run Out Date,,,0,1,,0,,,1,1,0,0,0,0,1,0,0,0,0,0,,0,0,0,0,0,,0,,,,,,Default>>>Vehicle Details;;;MIN>>>Vehicle Details;;;MOT>>>Vehicle Details;;;BMW>>>Vehicle Details
,4,rfs_date,,eav/entity_attribute_backend_datetime,datetime,,eav/entity_attribute_frontend_datetime,date,Vehicle RFS date,,,0,1,,0,,,1,1,0,0,0,0,1,1,0,1,0,0,,0,0,0,1,0,,0,,,,,,Default>>>Vehicle Details;;;MIN>>>Vehicle Details;;;MOT>>>Vehicle Details;;;BMW>>>Vehicle Details
,4,bag_vehicle_location_province,,,varchar,,,text,Dealer Province,,,0,1,,0,,,1,1,0,0,0,0,1,0,0,0,0,0,,0,0,0,0,0,,0,,,,,,Default>>>Stock Details;;;MIN>>>Stock Details;;;MOT>>>Stock Details;;;BMW>>>Stock Details
,4,bmw_m_car_flag,,,int,,,boolean,M Vehicle Indicator,,eav/entity_attribute_source_boolean,0,1,0,0,,,1,1,0,0,0,0,1,0,0,0,0,0,,0,0,0,0,0,,0,,,,,,Default>>>Vehicle Details;;;MIN>>>Vehicle Details;;;MOT>>>Vehicle Details;;;BMW>>>Vehicle Details
,4,bmw_range,,,int,,,select,BMW Range,,eav/entity_attribute_source_table,0,1,,0,,,1,1,1,0,0,0,1,0,1,1,0,1,,1,30,0,1,0,bmw,1,,,,7,,BMW>>>Vehicle Details
,4,bmw_series,,,int,,,select,Series,,eav/entity_attribute_source_table,0,1,,0,,,1,1,1,2,1,0,1,0,1,1,0,1,,1,15,0,1,0,bmw,1,,,,"11,7,9",,BMW>>>Vehicle Details
,4,drag,,,varchar,,,text,Vehicle Drag,,,0,1,,0,,,1,1,0,0,0,0,1,0,0,0,0,0,,0,0,0,0,0,,0,,,,,,Default>>>Engine and Performance;;;MIN>>>Engine and Performance;;;MOT>>>Engine and Performance;;;BMW>>>Engine and Performance
,4,drive_train,,,varchar,,,text,Drive Train,,,0,1,,0,,,1,1,0,0,0,0,1,0,0,0,0,0,,0,0,0,0,0,,0,,,,,,Default>>>Engine and Performance;;;MIN>>>Engine and Performance;;;MOT>>>Engine and Performance;;;BMW>>>Engine and Performance
,4,engine_capacity,,,varchar,,,text,Engine Capacity,,,0,1,,0,,,1,1,0,0,0,0,1,0,0,0,0,0,,0,0,0,0,0,,0,,,,,,Default>>>Engine and Performance;;;MIN>>>Engine and Performance;;;MOT>>>Engine and Performance;;;BMW>>>Engine and Performance
,4,engine_compression,,,varchar,,,text,Engine Compression,,,0,1,,0,,,1,1,0,0,0,0,1,0,0,0,0,0,,0,0,0,0,0,,0,,,,,,Default>>>Engine and Performance;;;MIN>>>Engine and Performance;;;MOT>>>Engine and Performance;;;BMW>>>Engine and Performance
,4,engine_power,,,varchar,,,text,Engine Power,,,0,1,,0,,,1,1,0,0,1,1,1,0,0,1,0,0,,0,0,0,0,0,,0,,,,,,Default>>>Engine and Performance;;;MIN>>>Engine and Performance;;;MOT>>>Engine and Performance;;;BMW>>>Engine and Performance
,4,engine_stroke_bore,,,varchar,,,text,Stroke Bore,,,0,1,,0,,,1,1,0,0,0,0,1,0,0,0,0,0,,0,0,0,0,0,,0,,,,,,Default>>>Engine and Performance;;;MIN>>>Engine and Performance;;;MOT>>>Engine and Performance;;;BMW>>>Engine and Performance
,4,engine_valve_layout,,,varchar,,,text,Engine Valve Layout,,,0,1,,0,,,1,1,0,0,0,0,1,0,0,0,0,0,,0,0,0,0,0,,0,,,,,,Default>>>Engine and Performance;;;MIN>>>Engine and Performance;;;MOT>>>Engine and Performance;;;BMW>>>Engine and Performance
,4,exhaust,,,varchar,,,text,Exhaust Type,,,0,1,,0,,,1,1,0,0,0,0,1,0,0,0,0,0,,0,0,0,0,0,,0,,,,,,Default>>>Emissions;;;MIN>>>Emissions;;;MOT>>>Emissions;;;BMW>>>Emissions
,4,factory_order_number,,,varchar,,,text,Factory Order Number,,,0,1,,0,,,1,1,0,0,0,0,1,0,0,0,0,0,,0,0,0,0,0,,0,,,,,,Default>>>Stock Details;;;MIN>>>Stock Details;;;MOT>>>Stock Details;;;BMW>>>Stock Details
,4,gross_combined_mass,,,varchar,,,text,Gross Combination Mass,,,0,1,,0,,,1,1,0,0,0,0,1,0,0,0,0,0,,0,0,0,0,0,,0,,,,,,Default>>>Weights and Dimensions;;;MIN>>>Weights and Dimensions;;;MOT>>>Weights and Dimensions;;;BMW>>>Weights and Dimensions
,4,gross_vehicle_mass,,,varchar,,,text,Gross Vehicle Mass,,,0,1,,0,,,1,1,0,0,0,0,1,0,0,0,0,0,,0,0,0,0,0,,0,,,,,,Default>>>Weights and Dimensions;;;MIN>>>Weights and Dimensions;;;MOT>>>Weights and Dimensions;;;BMW>>>Weights and Dimensions
,4,ground_clearance,,,varchar,,,text,Ground Clearance,,,0,1,,0,,,1,1,0,0,0,0,1,0,0,0,0,0,,0,0,0,0,0,,0,,,,,,Default>>>Weights and Dimensions;;;MIN>>>Weights and Dimensions;;;MOT>>>Weights and Dimensions;;;BMW>>>Weights and Dimensions
,4,min_range,,,varchar,,,select,Min Range,,,0,0,,0,,,1,1,1,0,0,1,1,0,1,1,1,1,,1,0,0,0,0,,0,,,,,,MIN>>>Vehicle Details
,4,min_series,,,int,,,select,Min Series,,,0,1,,0,,,1,1,1,0,1,1,1,0,1,1,1,1,,1,0,0,0,0,,0,,,,,,MIN>>>Vehicle Details
,4,mot_series,,,int,,,select,Mot Series,,eav/entity_attribute_source_table,0,1,,0,,,1,1,1,0,1,1,1,0,1,1,1,1,,1,0,0,1,0,,0,,,,,,MOT>>>Vehicle Details
,4,payload,,,varchar,,,text,Payload,,,0,1,,0,,,1,1,0,0,0,0,1,0,0,0,0,0,,0,0,0,0,0,,0,,,,,,Default>>>Weights and Dimensions;;;MIN>>>Weights and Dimensions;;;MOT>>>Weights and Dimensions;;;BMW>>>Weights and Dimensions
,4,published_to_ds_date,,eav/entity_attribute_backend_datetime,datetime,,eav/entity_attribute_frontend_datetime,date,DS Published Date,,,0,1,,0,,,0,1,0,0,0,0,1,0,0,0,0,0,,0,0,0,1,0,,0,,,,,,Default>>>Stock Details;;;MIN>>>Stock Details;;;MOT>>>Stock Details;;;BMW>>>Stock Details
,4,rear_overhang,,,varchar,,,text,Rear Overhang,,,0,1,,0,,,1,1,0,0,0,0,1,0,0,0,0,0,,0,0,0,0,0,,0,,,,,,Default>>>Weights and Dimensions;;;MIN>>>Weights and Dimensions;;;MOT>>>Weights and Dimensions;;;BMW>>>Weights and Dimensions
,4,roof_load_weight,,,varchar,,,text,Roof Load,,,0,1,,0,,,1,1,0,0,0,0,1,0,0,0,0,0,,0,0,0,0,0,,0,,,,,,Default>>>Weights and Dimensions;;;MIN>>>Weights and Dimensions;;;MOT>>>Weights and Dimensions;;;BMW>>>Weights and Dimensions
,4,short_vin_number,,,varchar,,,text,Short VIN Number,,,0,1,,0,,,1,1,0,0,0,0,1,0,0,0,0,0,,0,0,0,1,0,,0,,,,,,Default>>>Stock Details;;;MIN>>>Stock Details;;;MOT>>>Stock Details;;;BMW>>>Stock Details
,4,tare_weight,,,varchar,,,text,Tare Weight,,,0,1,,0,,,1,1,0,0,0,0,1,0,0,0,0,0,,0,0,0,0,0,,0,,,,,,Default>>>Weights and Dimensions;;;MIN>>>Weights and Dimensions;;;MOT>>>Weights and Dimensions;;;BMW>>>Weights and Dimensions
,4,torque,,,varchar,,,text,Torque,,,0,1,,0,,,1,1,0,0,0,0,1,0,0,0,0,0,,0,0,0,0,0,,0,,,,,,Default>>>Engine and Performance;;;MIN>>>Engine and Performance;;;MOT>>>Engine and Performance;;;BMW>>>Engine and Performance
,4,track_front,,,varchar,,,text,Track Front,,,0,1,,0,,,1,1,0,0,0,0,1,0,0,0,0,0,,0,0,0,0,0,,0,,,,,,Default>>>Weights and Dimensions;;;MIN>>>Weights and Dimensions;;;MOT>>>Weights and Dimensions;;;BMW>>>Weights and Dimensions
,4,track_rear,,,varchar,,,text,Track Rear,,,0,1,,0,,,1,1,0,0,0,0,1,0,0,0,0,0,,0,0,0,0,0,,0,,,,,,Default>>>Weights and Dimensions;;;MIN>>>Weights and Dimensions;;;MOT>>>Weights and Dimensions;;;BMW>>>Weights and Dimensions
,4,turning_circle,,,varchar,,,text,Turning Circle,,,0,1,,0,,,1,1,0,0,0,0,1,0,0,0,0,0,,0,0,0,0,0,,0,,,,,,Default>>>Weights and Dimensions;;;MIN>>>Weights and Dimensions;;;MOT>>>Weights and Dimensions;;;BMW>>>Weights and Dimensions
,4,tyre_size,,,varchar,,,text,Tyre Size,,,0,1,,0,,,1,1,0,0,0,0,1,0,0,0,0,0,,0,0,0,0,0,,0,,,,,,Default>>>Weights and Dimensions;;;MIN>>>Weights and Dimensions;;;MOT>>>Weights and Dimensions;;;BMW>>>Weights and Dimensions
,4,unladen_weight,,,varchar,,,text,Unladen Weight,,,0,1,,0,,,1,1,0,0,0,0,1,0,0,0,0,0,,0,0,0,0,0,,0,,,,,,Default>>>Weights and Dimensions;;;MIN>>>Weights and Dimensions;;;MOT>>>Weights and Dimensions;;;BMW>>>Weights and Dimensions
,4,vehicle_production_date,,,varchar,,,text,Vehicle Production Date,,,0,1,,0,,,1,1,0,0,0,0,1,0,0,0,0,0,,0,0,0,0,0,,0,,,,,,Default>>>Vehicle Details;;;MIN>>>Vehicle Details;;;MOT>>>Vehicle Details;;;BMW>>>Vehicle Details
,4,n_0_to_100,,,varchar,,,text,0 - 100 kph,,,0,1,,0,,,1,1,0,0,1,1,1,0,0,1,0,0,,0,0,0,0,0,,0,,,,,,Default>>>Engine and Performance;;;MIN>>>Engine and Performance;;;MOT>>>Engine and Performance;;;BMW>>>Engine and Performance
,4,km,,,int,,,text,KM,,,0,1,,0,,,1,1,0,0,0,0,1,0,0,0,0,0,,0,0,0,1,0,,0,,,,,,Default>>>Stock Details;;;MIN>>>Stock Details;;;MOT>>>Stock Details;;;BMW>>>Stock Details
,4,bag_vehicle_location_dlr_code,,,varchar,,,text,Dealer Code,,,0,1,,0,,,1,1,0,0,0,0,1,0,0,0,0,0,,0,0,0,0,0,,0,,,,,,Default>>>Stock Details;;;MIN>>>Stock Details;;;MOT>>>Stock Details;;;BMW>>>Stock Details
,4,exterior_code,,,int,,,select,External color code,,eav/entity_attribute_source_table,0,1,,0,,,1,1,0,0,0,0,1,0,0,0,0,0,,0,0,0,0,0,,0,,,,,,Default>>>Vehicle Details;;;MIN>>>Vehicle Details;;;MOT>>>Vehicle Details;;;BMW>>>Vehicle Details
,4,exterior_description,,,int,,,select,External color,,eav/entity_attribute_source_table,0,1,,0,,,1,1,0,0,0,0,1,0,0,0,0,0,,0,0,0,0,0,,0,,,,,,Default>>>Vehicle Details;;;MIN>>>Vehicle Details;;;MOT>>>Vehicle Details;;;BMW>>>Vehicle Details
,4,bmw_engine,,,int,,,select,Bmw Engine,,,0,1,,0,,,1,1,1,0,0,1,1,0,1,1,1,1,,1,0,0,0,0,,0,,,,,,BMW>>>Engine and Performance
,4,min_engine,,,varchar,,,select,Min Engine,,,0,0,,0,,,1,1,1,0,0,1,1,0,1,1,1,1,,1,0,0,0,0,,0,,,,,,MIN>>>Engine and Performance
,4,mot_range,,,varchar,,,select,Mot Range,,,0,0,,0,,,1,1,1,0,0,1,1,0,1,1,1,1,,1,0,0,0,0,,0,,,,,,MOT>>>Vehicle Details
,4,mot_engine,,,varchar,,,select,Mot Engine,,,0,0,,0,,,1,1,1,0,0,1,1,0,1,1,1,1,,1,0,0,0,0,,0,,,,,,MOT>>>Engine and Performance
,4,front_brake_type,,,varchar,,,select,Front Brake Type,,,0,0,,0,,,1,1,1,0,0,1,1,0,1,1,1,1,,1,0,0,0,0,,0,,,,,,Default>>>Engine and Performance;;;MIN>>>Engine and Performance;;;MOT>>>Engine and Performance;;;BMW>>>Engine and Performance
,4,rear_brake_type,,,varchar,,,select,Rear Brake Type,,,0,0,,0,,,1,1,1,0,0,1,1,0,1,1,1,1,,1,0,0,0,0,,0,,,,,,Default>>>Engine and Performance;;;MIN>>>Engine and Performance;;;MOT>>>Engine and Performance;;;BMW>>>Engine and Performance
,4,bag_build_destination,,,varchar,,,select,Bag Build Destination,,,0,0,,0,,,1,1,1,0,0,1,1,0,1,1,1,1,,1,0,0,0,0,,0,,,,,,Default>>>Stock Details;;;MIN>>>Stock Details;;;MOT>>>Stock Details;;;BMW>>>Stock Details
,4,bag_plant_code,,,varchar,,,select,Bag Plant Code,,,0,0,,0,,,1,1,1,0,0,1,1,0,1,1,1,1,,1,0,0,0,0,,0,,,,,,Default>>>Stock Details;;;MIN>>>Stock Details;;;MOT>>>Stock Details;;;BMW>>>Stock Details
,4,interior_code,,,int,,,select,Interior code,,eav/entity_attribute_source_table,0,1,,0,,,1,1,0,0,0,0,1,0,0,0,0,0,,0,0,0,0,0,,0,,,,,,Default>>>Vehicle Details;;;MIN>>>Vehicle Details;;;MOT>>>Vehicle Details;;;BMW>>>Vehicle Details
,4,interior_description,,,int,,,select,Interior,,eav/entity_attribute_source_table,0,1,,0,,,1,1,0,0,0,0,1,0,0,0,0,0,,0,0,0,0,0,,0,,,,,,Default>>>Vehicle Details;;;MIN>>>Vehicle Details;;;MOT>>>Vehicle Details;;;BMW>>>Vehicle Details
,4,model_year,,,varchar,,,text,Model Year,,,0,1,,0,,,1,1,0,0,0,0,1,0,0,0,0,0,,0,0,0,1,0,,0,,,,,,Default>>>Vehicle Details;;;MIN>>>Vehicle Details;;;MOT>>>Vehicle Details;;;BMW>>>Vehicle Details
,4,wheel_dimensions,,,varchar,,,select,Wheel Dimensions,,,0,0,,0,,,1,1,1,0,0,1,1,0,1,1,1,1,,1,0,0,0,0,,0,,,,,,Default>>>Weights and Dimensions;;;MIN>>>Weights and Dimensions;;;MOT>>>Weights and Dimensions;;;BMW>>>Weights and Dimensions
,4,model_code,,,varchar,,,select,Model Code,,eav/entity_attribute_source_table,0,0,,0,,,1,1,1,0,0,1,1,0,1,1,1,1,,1,0,0,1,0,,0,,,,,,Default>>>Vehicle Details;;;MIN>>>Vehicle Details;;;MOT>>>Vehicle Details;;;BMW>>>Vehicle Details
,4,first_registration_fee,,catalog/product_attribute_backend_price,decimal,,,price,First Registration Fee,,,0,1,0,0,,,0,1,0,0,0,1,1,0,0,1,0,0,,0,0,0,0,0,,0,,,,,,BMW>>>Prices
,4,exterior,,,int,,,select,Colour,,eav/entity_attribute_source_table,0,1,,0,,,1,1,1,1,1,1,1,0,1,1,1,1,,1,70,0,0,0,,1,,,,,,BMW>>>Vehicle Details;;;MIN>>>Vehicle Details;;;MOT>>>Vehicle Details
,4,interior,,,int,,,select,Interior Colour,,eav/entity_attribute_source_table,0,1,,0,,,1,1,1,2,1,1,1,0,1,1,1,1,,1,95,0,0,0,,0,,,,"7,8",,BMW>>>Vehicle Details;;;MIN>>>Vehicle Details;;;MOT>>>Vehicle Details
,4,wheel,,,int,,,select,Wheels,,eav/entity_attribute_source_table,0,1,,0,,,1,1,1,1,1,1,1,0,1,1,1,1,,1,90,0,0,0,,1,,,,"7,8",,BMW>>>Vehicle Details;;;MIN>>>Vehicle Details;;;MOT>>>Vehicle Details
,4,trim_finisher,,,int,,,select,Trim Finisher,,eav/entity_attribute_source_table,0,1,,0,,,1,1,1,0,1,1,1,0,0,1,1,1,,1,90,0,0,0,,1,,,,"7,8",,BMW>>>Vehicle Details;;;MIN>>>Vehicle Details;;;MOT>>>Vehicle Details
,4,vista_order_number,,,varchar,,,text,Vista order number,,,0,1,,0,,,0,1,0,0,0,0,0,0,0,1,0,0,,0,0,0,0,0,,,,,,,,BMW>>>Vehicle Details;;;MIN>>>Vehicle Details;;;MOT>>>Vehicle Details
,4,vin_number,,,varchar,,,text,VIN Number,,,0,1,,0,,,1,1,1,0,1,0,1,0,0,0,0,1,,1,100,0,1,0,,0,,,,,,Default>>>Stock Details;;;MIN>>>Stock Details;;;MOT>>>Stock Details;;;BMW>>>Stock Details
,4,engineno,,,varchar,,,text,Engine Number,,,0,1,,0,,,1,1,0,0,0,0,1,0,0,0,0,0,,0,0,0,0,0,,,,,,,,BMW>>>Vehicle Details;;;MIN>>>Vehicle Details;;;MOT>>>Vehicle Details
,4,co2_tax,,catalog/product_attribute_backend_price,decimal,,,price,CO2 Tax,,,0,1,0,0,,,0,1,0,0,0,0,1,0,0,1,0,0,,0,0,0,0,0,,,,,,,,BMW>>>Prices;;;MIN>>>Prices;;;MOT>>>Prices
,4,technical_specification,,,text,,,text,Technical specification,,,0,1,,0,,,1,1,0,0,0,0,0,0,0,0,0,0,,0,0,0,0,0,,,,,,,,BMW>>>Technical Specifications;;;MIN>>>Technical Specifications;;;MOT>>>Technical Specifications
,4,variant,,,int,,,select,Variant,,eav/entity_attribute_source_table,0,1,,0,,,1,1,1,2,1,0,1,0,0,0,0,1,,1,60,0,0,0,,0,,,,"7,8",,BMW>>>Vehicle Details;;;MIN>>>Vehicle Details;;;MOT>>>Vehicle Details
,4,bmw_model_carousel,,,int,,,select,Series,,eav/entity_attribute_source_table,0,1,,0,,,1,1,1,0,1,0,1,0,1,1,0,1,,1,20,0,0,0,,1,,,,7,,BMW>>>Vehicle Details
,4,min_model_carousel,,,int,,,select,Body Style,,eav/entity_attribute_source_table,0,1,,0,,,1,1,1,0,1,0,1,0,0,1,0,1,,1,20,0,0,0,,1,,,,8,,MIN>>>Vehicle Details
,4,mot_model_carousel,,,int,,,select,Segment,,eav/entity_attribute_source_table,0,1,,0,,,1,1,1,0,1,0,1,0,0,1,0,1,,1,20,0,0,0,,1,,,,14,,MOT>>>Vehicle Details
,4,mplan_price,,catalog/product_attribute_backend_price,decimal,,,price,Mplan price,,,0,1,0,0,,,0,1,0,0,0,0,1,0,0,1,0,0,,0,0,0,0,0,,,,,,,,BMW>>>Prices;;;MIN>>>Prices;;;MOT>>>Prices
,4,base_price,,catalog/product_attribute_backend_price,decimal,,,price,Base body price,,,0,1,0,0,,,0,1,0,0,0,0,1,0,0,1,0,0,,0,0,0,0,0,,,,,,,,BMW>>>Prices;;;MIN>>>Prices;;;MOT>>>Prices
,4,options_only_price,,catalog/product_attribute_backend_price,decimal,,,price,Options only price,,,0,1,0,0,,,0,1,0,0,0,0,1,0,0,1,0,0,,0,0,0,0,0,,,,,,,,BMW>>>Prices;;;MIN>>>Prices;;;MOT>>>Prices
,4,custom_options_prices,,,text,,,textarea,Custom options prices,,,0,0,,0,,,0,0,0,0,0,0,0,0,0,0,0,0,,0,0,0,0,0,,,,,,,,BMW>>>Vehicle Details;;;MIN>>>Vehicle Details;;;MOT>>>Vehicle Details
,4,product_class,,,varchar,,,text,Product Class,,,1,1,,0,,,1,1,0,0,0,0,1,0,0,1,0,0,,0,0,0,0,0,,,,,,,,Default>>>Vehicle Details;;;MIN>>>Vehicle Details;;;MOT>>>Vehicle Details;;;BMW>>>Vehicle Details
,4,total_price,,catalog/product_attribute_backend_price,decimal,,,price,Total price,,,0,1,0,0,,,0,1,0,0,0,0,1,0,0,1,0,0,,0,0,0,0,0,,,,,,,,Default>>>Stock Details;;;BMW>>>Prices;;;MIN>>>Prices;;;MOT>>>Prices
,4,total_price_excl_mplan,,catalog/product_attribute_backend_price,decimal,,,price,Total price excl Mplan,,,0,1,0,0,,,0,1,0,0,0,0,1,0,0,1,0,0,,0,0,0,0,0,,,,,,,,Default>>>Stock Details;;;BMW>>>Prices;;;MIN>>>Prices;;;MOT>>>Prices
,4,original_sales_date,,,datetime,,,date,Original sales date,,,0,1,0,0,,,0,1,0,0,0,0,1,0,0,1,0,0,,0,0,0,0,0,,,,,,,,Default>>>Stock Details;;;BMW>>>Stock Details;;;MIN>>>Stock Details;;;MOT>>>Stock Details
,4,production_week,,,int,,,text,Production week,,,0,1,,0,,,0,1,0,0,0,0,1,0,0,1,0,0,,0,0,0,0,0,,,,,,,,Default>>>Stock Details;;;BMW>>>Stock Details;;;MIN>>>Stock Details;;;MOT>>>Stock Details
,4,group_key_short,,,varchar,,,text,Group key (short),,,1,1,,0,,,1,1,1,0,0,0,0,0,0,0,1,0,,0,0,0,0,0,,,,,,,,Default>>>Vehicle Details;;;MIN>>>Vehicle Details;;;MOT>>>Vehicle Details;;;BMW>>>Vehicle Details
,4,group_key,,,text,,,textarea,Group key,,,0,1,,0,,,1,1,0,0,0,0,0,0,0,0,0,0,,0,0,0,0,0,,,,,,,,Default>>>Vehicle Details;;;MIN>>>Vehicle Details;;;MOT>>>Vehicle Details;;;BMW>>>Vehicle Details
,4,bmw_mm_description,,,int,,,select,BMW MM Description,,eav/entity_attribute_source_table,0,1,,0,,,1,1,0,0,0,0,1,0,0,0,0,0,,0,0,0,1,0,,0,,,,,,BMW>>>Vehicle Details
,4,min_mm_description,,,int,,,select,MIN MM Description,,eav/entity_attribute_source_table,0,1,,0,,,1,1,0,0,0,0,1,0,0,0,0,0,,0,0,0,1,0,,0,,,,,,MIN>>>Vehicle Details
,4,mot_mm_description,,,int,,,select,MOT MM Description,,eav/entity_attribute_source_table,0,1,,0,,,1,1,0,0,0,0,1,0,0,0,0,0,,0,0,0,1,0,,0,,,,,,MOT>>>Vehicle Details
,4,bmw_model_range,,,varchar,,,select,BMW Model Range,,eav/entity_attribute_source_table,0,0,,0,,,1,1,0,0,0,0,1,0,0,0,0,0,,0,0,0,0,0,,0,,,,,,BMW>>>Vehicle Details
,4,min_model_range,,,varchar,,,select,MIN Model Range,,eav/entity_attribute_source_table,0,0,,0,,,1,1,0,0,0,0,1,0,0,0,0,0,,0,0,0,0,0,,0,,,,,,MIN>>>Vehicle Details
,4,mot_model_range,,,varchar,,,select,MOT Model Range,,eav/entity_attribute_source_table,0,0,,0,,,1,1,0,0,0,0,1,0,0,0,0,0,,0,0,0,0,0,,0,,,,,,MOT>>>Vehicle Details
,4,cyl,,,int,,,select,Cylinders,,eav/entity_attribute_source_table,0,1,,0,,,1,1,1,2,1,1,1,0,1,1,1,1,,1,50,0,1,0,"motorrad",0,,,,,,MOT>>>Engine and Performance
,4,bmw_model_matrix_carousel,,,int,,,select,Series and Body Type,,eav/entity_attribute_source_table,0,1,,0,,,1,1,0,2,0,0,1,0,0,1,0,0,,0,20,0,0,0,,0,,,,,,BMW>>>Vehicle Details
,4,min_model_matrix_carousel,,,int,,,select,Model,,eav/entity_attribute_source_table,0,1,,0,,,1,1,0,2,0,0,1,0,0,1,0,0,,0,20,0,0,0,,0,,,,,,MIN>>>Vehicle Details
,4,mot_model_matrix_carousel,,,int,,,select,Model,,eav/entity_attribute_source_table,0,1,,0,,,1,1,0,2,0,0,1,0,0,1,0,0,,0,60,0,0,0,,0,,,,,,MOT>>>Vehicle Details
,4,local_store_code,,,varchar,,,text,Local Store Code,,,0,1,,0,,,0,1,1,0,0,0,0,0,0,0,0,0,,0,0,0,0,0,,,,,,,,Default>>>Vehicle Details;;;MIN>>>Vehicle Details;;;MOT>>>Vehicle Details;;;BMW>>>Vehicle Details
,4,torque_only,,,varchar,,,text,Torque,,,0,1,,0,,,1,1,0,0,0,0,1,0,0,0,0,0,,0,0,0,0,0,,0,,,,,,Default>>>Engine and Performance;;;MIN>>>Engine and Performance;;;MOT>>>Engine and Performance;;;BMW>>>Engine and Performance
